token,count
amm,1993
iaw,1890
srm,1886
fwd,1040
epsu,367
flt,331
tsm,302
ecra,238
apu,227
ecam,212
insp,209
bfm,144
hyd,130
psu,129
amds,105
emer,104
lcq,99
strg,89
oxy,82
inop,76
cwb,71
tomc,71
fume,68
sys,67
stgr,66
ntm,64
dwg,56
assy,55
rdaf,52
mlg,51
chk,50
req,47
rii,47
slat,46
espm,45
cmm,45
ecs,42
mddr,42
fh,39
rsvr,38
ndt,37
ipc,37
pda,36
maa,36
roto,36
dmi,35
moc,33
batt,32
ltpr,30
acp,30
svc,30
hfec,28
girt,27
inbd,26
qrh,26
acft,25
lwr,25
lav,24
cdl,23
tbd,23
irm,22
nlg,21
sdr,21
pn,20
cks,19
cids,19
ual,18
lhs,17
elac,17
prox,17
awm,17
hpc,16
ohms,16
gmm,15
btwn,15
sht,15
phx,15
rhs,14
dta,14
idg,14
aem,13
frm,13
corr,13
mpd,13
wl,13
egt,13
ptu,13
elec,12
rir,12
btl,12
ndi,12
nri,11
fcs,11
pnl,11
cpcp,11
bqn,11
crac,11
pfd,11
opc,11
init,11
qty,10
cfds,10
elb,10
kts,10
gvi,10
ord,10
atb,9
avo,9
prtr,9
lugs,9
dfdr,9
nbr,9
espu,9
dtd,8
dvi,8
ream,8
stg,8
edp,8
ife,7
bscu,7
shim,7
asm,7
rpr,7
aevc,7
aar,7
prv,7
crg,7
vlv,7
oder,7
vbv,7
oved,7
chks,6
rpl,6
ths,6
adr,6
tafc,6
mcdu,6
brk,6
adl,6
ddp,6
elev,6
lopa,6
reff,6
tla,6
fcd,6
reo,5
rmvd,5
vsv,5
pcu,5
efcs,5
cvr,5
ttl,5
befo,5
ítem,5
syst,5
pfr,5
ptp,5
fom,5
cond,5
vert,5
embo,5
mobi,5
hepa,5
repa,5
ptt,5
eeh,5
lht,5
lk,4
mco,4
actr,4
splr,4
afs,4
tcas,4
orig,4
qts,4
phl,4
wx,4
rto,4
gogo,4
nsp,4
epr,4
ess,4
ovht,4
eis,4
cowl,4
fitt,4
lts,4
nis,4
appx,4
nef,4
ack,4
thr,4
fdu,3
wdm,3
rpld,3
flr,3
evac,3
ewr,3
hol,3
adj,3
adn,3
tsi,3
ulb,3
aoa,3
fap,3
supp,3
ero,3
clog,3
vor,3
ato,3
yaw,3
fqic,3
noc,3
clm,3
mits,3
rwy,3
refb,3
ctl,3
engi,3
yel,3
fbo,3
prs,3
kgs,3
wsta,3
fram,3
ked,3
aer,3
inte,3
lled,3
amms,3
eec,3
tbv,3
sump,2
wtb,2
qrm,2
ltv,2
idt,2
ssi,2
srvc,2
trm,2
ils,2
vqq,2
fll,2
msl,2
nws,2
rdas,2
thsa,2
sdac,2
wxr,2
mfg,2
ckd,2
toga,2
sfcc,2
gcu,2
hcu,2
pbi,2
pacs,2
emg,2
pii,2
fcu,2
topl,2
rbus,2
mkd,2
peen,2
jic,2
iae,2
amu,2
eval,2
fwc,2
mxc,2
svcd,2
grd,2
poi,2
pprx,2
cpt,2
ldg,2
betw,2
een,2
tgb,2
inp,2
slc,2
clt,2
mke,2
sel,2
pfm,2
fmgc,2
lbl,2
srms,2
nml,2
dte,2
sil,2
spr,2
kias,2
sdcu,2
esn,2
ftg,2
anf,2
mgr,2
erim,2
dtr,2
rud,2
trv,2
acks,2
cra,2
firs,2
aua,2
tbl,2
jamb,2
dor,2
lbh,2
elt,2
drwg,2
tafh,2
thod,2
rele,2
vant,2
thre,2
jogg,2
mcu,2
clrd,2
ical,2
mtc,2
bld,2
uper,2
chg,2
bcl,2
inv,2
agl,2
mex,2
rno,2
upr,2
ith,2
ppu,1
wcc,1
ibd,1
uint,1
ped,1
tage,1
pgs,1
lve,1
rast,1
trax,1
aard,1
gfi,1
kcle,1
aout,1
covi,1
adf,1
ock,1
asi,1
unlk,1
orf,1
esr,1
exir,1
vtp,1
indi,1
unlc,1
evel,1
dhd,1
gsp,1
ell,1
wich,1
cqc,1
rmp,1
xpdr,1
intl,1
lmc,1
bte,1
xfer,1
tfu,1
vlb,1
itm,1
nlt,1
lgp,1
rsw,1
tsak,1
chkd,1
otbd,1
ddor,1
flit,1
dti,1
stby,1
fmr,1
ovrd,1
fod,1
ele,1
sjc,1
stqr,1
afe,1
equp,1
mem,1
oles,1
isb,1
msb,1
engs,1
awl,1
sdi,1
vhf,1
emf,1
ight,1
sfo,1
oat,1
ewis,1
freq,1
flsh,1
prim,1
toff,1
rvsm,1
apch,1
paxs,1
eepl,1
kvps,1
vps,1
fac,1
knt,1
rer,1
btls,1
sfcs,1
fscc,1
lkk,1
acr,1
slt,1
iiib,1
tct,1
msy,1
cun,1
zap,1
rft,1
rbl,1
accu,1
cic,1
cust,1
brg,1
scav,1
ahm,1
matl,1
emb,1
epsv,1
fcom,1
feam,1
efs,1
lga,1
grt,1
poin,1
vapp,1
eiu,1
coax,1
drw,1
fcps,1
sytm,1
oin,1
dma,1
dtat,1
isrm,1
valv,1
limi,1
sli,1
psus,1
tgbs,1
odro,1
alve,1
outl,1
ssys,1
requ,1
rohr,1
afmm,1
fpr,1
wkly,1
vdr,1
dbl,1
ween,1
fmm,1
ssm,1
wres,1
stc,1
ech,1
ckpt,1
dble,1
pwr,1
flx,1
sett,1
lvrs,1
hist,1
clk,1
oper,1
ccl,1
psv,1
ssrm,1
deu,1
deub,1
bith,1
mmr,1
ifsd,1
hmv,1
prov,1
aftg,1
hed,1
rsrv,1
bhec,1
gpm,1
atrg,1
anel,1
wn,1
mct,1
cre,1
tus,1
pag,1
prev,1
rlt,1
fecs,1
chec,1
imit,1
ssy,1
apb,1
leek,1
stm,1
mbj,1
mmc,1
agr,1
avx,1
desc,1
aai,1
hmu,1
foun,1
grag,1
baq,1
adz,1
skbo,1
rece,1
ived,1
isnp,1
dwng,1
plcd,1
tach,1
tasm,1
illu,1
ings,1
acti,1
wff,1
lenf,1
leal,1
tota,1
acmp,1
frme,1
ovhd,1
reqs,1
bwt,1
ner,1
haec,1
aput,1
fcv,1
keak,1
hmc,1
brkr,1
cked,1
grn,1
tobe,1
dsi,1
xm,1
imsp,1
hav,1
ttfc,1
ized,1
horz,1
ecc,1
scu,1
paks,1
hpd,1
bew,1
srt,1
cabi,1
fcoc,1
clb,1
blac,1
perf,1
nks,1
emq,1
stor,1
ini,1
tial,1
revi,1
thur,1
stk,1
ork,1
ches,1
ile,1
plae,1
nal,1
mlw,1
nwt,1
pwer,1
emc,1
appe,1
hbol,1
flss,1
levl,1
chng,1
ecan,1
leck,1
afer,1
tdc,1
leng,1
repl,1
ksna,1
klas,1
cntl,1
ojr,1
fim,1
tgt,1
lpt,1
sju,1
ligh,1
foq,1
mtx,1
muff,1
eam,1
sno,1
sjo,1
otor,1
oden,1
ail,1
gnd,1
iad,1
dca,1
eme,1
